{
    "plddt": 86.6756820678711,
    "gpde": 0.5623143911361694,
    "ptm": 0.8986877799034119,
    "iptm": 0.0,
    "chain_gpde": [
        0.5623143911361694
    ],
    "chain_pair_gpde": [
        [
            0.0
        ]
    ],
    "chain_ptm": [
        0.8986877799034119
    ],
    "chain_iptm": [
        0.0
    ],
    "chain_pair_iptm": [
        [
            0.0
        ]
    ],
    "chain_pair_iptm_global": [
        [
            0.0
        ]
    ],
    "chain_plddt": [
        0.866756796836853
    ],
    "chain_pair_plddt": [
        [
            0.0
        ]
    ],
    "has_clash": false,
    "disorder": 0.0,
    "ranking_score": 0.17973755300045013,
    "num_recycles": 10
}