{
    "plddt": 86.67491149902344,
    "gpde": 0.5630404353141785,
    "ptm": 0.8983859419822693,
    "iptm": 0.0,
    "chain_gpde": [
        0.5630404353141785
    ],
    "chain_pair_gpde": [
        [
            0.0
        ]
    ],
    "chain_ptm": [
        0.8983859419822693
    ],
    "chain_iptm": [
        0.0
    ],
    "chain_pair_iptm": [
        [
            0.0
        ]
    ],
    "chain_pair_iptm_global": [
        [
            0.0
        ]
    ],
    "chain_plddt": [
        0.866749107837677
    ],
    "chain_pair_plddt": [
        [
            0.0
        ]
    ],
    "has_clash": false,
    "disorder": 0.0,
    "ranking_score": 0.17967718839645386,
    "num_recycles": 10
}