{
    "plddt": 86.80673217773438,
    "gpde": 0.560890257358551,
    "ptm": 0.9001898765563965,
    "iptm": 0.0,
    "chain_gpde": [
        0.560890257358551
    ],
    "chain_pair_gpde": [
        [
            0.0
        ]
    ],
    "chain_ptm": [
        0.9001898765563965
    ],
    "chain_iptm": [
        0.0
    ],
    "chain_pair_iptm": [
        [
            0.0
        ]
    ],
    "chain_pair_iptm_global": [
        [
            0.0
        ]
    ],
    "chain_plddt": [
        0.8680673241615295
    ],
    "chain_pair_plddt": [
        [
            0.0
        ]
    ],
    "has_clash": false,
    "disorder": 0.0,
    "ranking_score": 0.1800379753112793,
    "num_recycles": 10
}