{
    "plddt": 89.15665435791016,
    "gpde": 0.584276020526886,
    "ptm": 0.9179890751838684,
    "iptm": 0.9072200655937195,
    "chain_gpde": [
        0.4984942376613617,
        0.40013110637664795
    ],
    "chain_pair_gpde": [
        [
            0.0,
            1.1485893726348877
        ],
        [
            1.1485893726348877,
            0.0
        ]
    ],
    "chain_ptm": [
        0.9156522154808044,
        0.7240753769874573
    ],
    "chain_iptm": [
        0.9072200655937195,
        0.9072200655937195
    ],
    "chain_pair_iptm": [
        [
            0.0,
            0.9072200655937195
        ],
        [
            0.9072200655937195,
            0.0
        ]
    ],
    "chain_pair_iptm_global": [
        [
            0.0,
            0.9072200655937195
        ],
        [
            0.9072200655937195,
            0.0
        ]
    ],
    "chain_plddt": [
        0.8928565979003906,
        0.8092564344406128
    ],
    "chain_pair_plddt": [
        [
            0.0,
            0.8915665745735168
        ],
        [
            0.8915665745735168,
            0.0
        ]
    ],
    "has_clash": false,
    "disorder": 0.0,
    "ranking_score": 0.9093738794326782,
    "num_recycles": 10
}