{
    "plddt": 89.27555084228516,
    "gpde": 0.5801400542259216,
    "ptm": 0.9195713400840759,
    "iptm": 0.9062746167182922,
    "chain_gpde": [
        0.491572767496109,
        0.4025488793849945
    ],
    "chain_pair_gpde": [
        [
            0.0,
            1.1500585079193115
        ],
        [
            1.1500585079193115,
            0.0
        ]
    ],
    "chain_ptm": [
        0.9175934195518494,
        0.7221801280975342
    ],
    "chain_iptm": [
        0.9062746167182922,
        0.9062746167182922
    ],
    "chain_pair_iptm": [
        [
            0.0,
            0.9062746167182922
        ],
        [
            0.9062746167182922,
            0.0
        ]
    ],
    "chain_pair_iptm_global": [
        [
            0.0,
            0.9062746167182922
        ],
        [
            0.9062746167182922,
            0.0
        ]
    ],
    "chain_plddt": [
        0.8940359950065613,
        0.8110504746437073
    ],
    "chain_pair_plddt": [
        [
            0.0,
            0.8927555084228516
        ],
        [
            0.8927555084228516,
            0.0
        ]
    ],
    "has_clash": false,
    "disorder": 0.0,
    "ranking_score": 0.9089339971542358,
    "num_recycles": 10
}