{
    "plddt": 89.14503479003906,
    "gpde": 0.5867645740509033,
    "ptm": 0.9164769649505615,
    "iptm": 0.9014590978622437,
    "chain_gpde": [
        0.492224782705307,
        0.4053400754928589
    ],
    "chain_pair_gpde": [
        [
            0.0,
            1.1868515014648438
        ],
        [
            1.1868515014648438,
            0.0
        ]
    ],
    "chain_ptm": [
        0.9147855639457703,
        0.7159035801887512
    ],
    "chain_iptm": [
        0.9014590978622437,
        0.9014590978622437
    ],
    "chain_pair_iptm": [
        [
            0.0,
            0.9014590978622437
        ],
        [
            0.9014590978622437,
            0.0
        ]
    ],
    "chain_pair_iptm_global": [
        [
            0.0,
            0.9014590978622437
        ],
        [
            0.9014590978622437,
            0.0
        ]
    ],
    "chain_plddt": [
        0.8928300738334656,
        0.8034113049507141
    ],
    "chain_pair_plddt": [
        [
            0.0,
            0.8914503455162048
        ],
        [
            0.8914503455162048,
            0.0
        ]
    ],
    "has_clash": false,
    "disorder": 0.0,
    "ranking_score": 0.9044626951217651,
    "num_recycles": 10
}