{
    "plddt": 89.00709533691406,
    "gpde": 0.5940441489219666,
    "ptm": 0.9164295792579651,
    "iptm": 0.9017654061317444,
    "chain_gpde": [
        0.5010173916816711,
        0.4066254794597626
    ],
    "chain_pair_gpde": [
        [
            0.0,
            1.1935571432113647
        ],
        [
            1.1935571432113647,
            0.0
        ]
    ],
    "chain_ptm": [
        0.9146168231964111,
        0.7180508971214294
    ],
    "chain_iptm": [
        0.9017654061317444,
        0.9017654061317444
    ],
    "chain_pair_iptm": [
        [
            0.0,
            0.9017654061317444
        ],
        [
            0.9017654061317444,
            0.0
        ]
    ],
    "chain_pair_iptm_global": [
        [
            0.0,
            0.9017654061317444
        ],
        [
            0.9017654061317444,
            0.0
        ]
    ],
    "chain_plddt": [
        0.8914247155189514,
        0.8036910891532898
    ],
    "chain_pair_plddt": [
        [
            0.0,
            0.890070915222168
        ],
        [
            0.890070915222168,
            0.0
        ]
    ],
    "has_clash": false,
    "disorder": 0.0,
    "ranking_score": 0.9046982526779175,
    "num_recycles": 10
}