{
    "plddt": 89.18305969238281,
    "gpde": 0.5880833268165588,
    "ptm": 0.9181960225105286,
    "iptm": 0.9027239680290222,
    "chain_gpde": [
        0.4949533939361572,
        0.40691661834716797
    ],
    "chain_pair_gpde": [
        [
            0.0,
            1.1817057132720947
        ],
        [
            1.1817057132720947,
            0.0
        ]
    ],
    "chain_ptm": [
        0.9165122509002686,
        0.7174541354179382
    ],
    "chain_iptm": [
        0.9027239680290222,
        0.9027239680290222
    ],
    "chain_pair_iptm": [
        [
            0.0,
            0.9027239680290222
        ],
        [
            0.9027239680290222,
            0.0
        ]
    ],
    "chain_pair_iptm_global": [
        [
            0.0,
            0.9027239680290222
        ],
        [
            0.9027239680290222,
            0.0
        ]
    ],
    "chain_plddt": [
        0.8931363821029663,
        0.8085174560546875
    ],
    "chain_pair_plddt": [
        [
            0.0,
            0.8918306231498718
        ],
        [
            0.8918306231498718,
            0.0
        ]
    ],
    "has_clash": false,
    "disorder": 0.0,
    "ranking_score": 0.9058184027671814,
    "num_recycles": 10
}