{
    "plddt": 87.53610229492188,
    "gpde": 0.5411638617515564,
    "ptm": 0.9035969376564026,
    "iptm": 0.0,
    "chain_gpde": [
        0.5411638617515564
    ],
    "chain_pair_gpde": [
        [
            0.0
        ]
    ],
    "chain_ptm": [
        0.9035969376564026
    ],
    "chain_iptm": [
        0.0
    ],
    "chain_pair_iptm": [
        [
            0.0
        ]
    ],
    "chain_pair_iptm_global": [
        [
            0.0
        ]
    ],
    "chain_plddt": [
        0.8753610253334045
    ],
    "chain_pair_plddt": [
        [
            0.0
        ]
    ],
    "has_clash": false,
    "disorder": 0.0,
    "ranking_score": 0.18071939051151276,
    "num_recycles": 10
}