{
    "plddt": 87.49092102050781,
    "gpde": 0.54350346326828,
    "ptm": 0.9024713039398193,
    "iptm": 0.0,
    "chain_gpde": [
        0.54350346326828
    ],
    "chain_pair_gpde": [
        [
            0.0
        ]
    ],
    "chain_ptm": [
        0.9024713039398193
    ],
    "chain_iptm": [
        0.0
    ],
    "chain_pair_iptm": [
        [
            0.0
        ]
    ],
    "chain_pair_iptm_global": [
        [
            0.0
        ]
    ],
    "chain_plddt": [
        0.8749092221260071
    ],
    "chain_pair_plddt": [
        [
            0.0
        ]
    ],
    "has_clash": false,
    "disorder": 0.0,
    "ranking_score": 0.1804942637681961,
    "num_recycles": 10
}