{
    "plddt": 87.6809310913086,
    "gpde": 0.5340447425842285,
    "ptm": 0.9054639339447021,
    "iptm": 0.0,
    "chain_gpde": [
        0.5340447425842285
    ],
    "chain_pair_gpde": [
        [
            0.0
        ]
    ],
    "chain_ptm": [
        0.9054639339447021
    ],
    "chain_iptm": [
        0.0
    ],
    "chain_pair_iptm": [
        [
            0.0
        ]
    ],
    "chain_pair_iptm_global": [
        [
            0.0
        ]
    ],
    "chain_plddt": [
        0.876809298992157
    ],
    "chain_pair_plddt": [
        [
            0.0
        ]
    ],
    "has_clash": false,
    "disorder": 0.0,
    "ranking_score": 0.1810927838087082,
    "num_recycles": 10
}