{
    "plddt": 87.6140365600586,
    "gpde": 0.5377885699272156,
    "ptm": 0.9046863913536072,
    "iptm": 0.0,
    "chain_gpde": [
        0.5377885699272156
    ],
    "chain_pair_gpde": [
        [
            0.0
        ]
    ],
    "chain_ptm": [
        0.9046863913536072
    ],
    "chain_iptm": [
        0.0
    ],
    "chain_pair_iptm": [
        [
            0.0
        ]
    ],
    "chain_pair_iptm_global": [
        [
            0.0
        ]
    ],
    "chain_plddt": [
        0.8761403560638428
    ],
    "chain_pair_plddt": [
        [
            0.0
        ]
    ],
    "has_clash": false,
    "disorder": 0.0,
    "ranking_score": 0.1809372752904892,
    "num_recycles": 10
}